,position,company_name,rating,location,date_listed,salary
4,Junior Data Analyst,Keyrus,,België,Meer dan 30 dagen geleden,
5,Data Analyst,Proximus Group,"3,9",Brussel,Zojuist geplaatst,
6,Junior Data Analyst,dataa,,Brussel,Meer dan 30 dagen geleden,
7,Junior Support Analyst – Brussels,"Dellent Consulting, Lda.",,Brussel,21 dagen geleden,
8,Data Analyst,Easyfairs,,Brussel,10 dagen geleden,
9,CPM Analyst,Keyrus,,België,Meer dan 30 dagen geleden,
10,Business Analyst Finance,Brevco Services,,Brussel,3 dagen geleden,€500 - €520 per dag
11,Data Scientist,b.fine,,Brussel,3 dagen geleden,
12,Data Analyst Tableau / Power BI,dataa,,Brussel,Meer dan 30 dagen geleden,
13,Metadata Modeler – Data Management,ING,"4,0",België,Meer dan 30 dagen geleden,
14,Portfolio Analyst,NATO - OTAN,"4,5",Brussel,Zojuist geplaatst,
15,Junior Data Analyst (Python),Worldline,"4,0",Evere,Meer dan 30 dagen geleden,
16,Data Analyst,Satellic NV,,België,Meer dan 30 dagen geleden,
17,Junior lab analyst (Braine-l’Alleud),Eurofins Belgium Professional Scientific Services,,Eigenbrakel,20 dagen geleden,
19,DATA ANALYST,Bangura Solutions,,Brussel,Meer dan 30 dagen geleden,
20,Functional Analyst Data Migration,tillit,,Gent,28 dagen geleden,
21,Business Intelligence Analyst,Newpharma,"3,6",Luik (stad),7 dagen geleden,
22,Business Analyst/Data Sharing Assistant- remunerated interns...,L'Oreal,"4,1",Brussel,Meer dan 30 dagen geleden,
23,Data Analyst,dataa,,Brussel,Meer dan 30 dagen geleden,
24,Business Analyst Supply Chain (m/f),Zetes,"3,7",België,Meer dan 30 dagen geleden,
25,Digital Data Analyst,Centrum voor Avondonderwijs,,België,Meer dan 30 dagen geleden,
26,Junior Performance Analyst,Clicktrust,,Brussel,Meer dan 30 dagen geleden,
27,Jr FP&A Analyst,Showpad,,Gent,11 dagen geleden,
28,Clinical Data Analyst,CluePoints,,Louvain-la-Neuve,5 dagen geleden,
29,Junior Mapping Analyst,Seety,,Oudergem,Meer dan 30 dagen geleden,
30,Data Scientist,OMP,,Wommelgem,Meer dan 30 dagen geleden,
31,API/Integration Analyst,we-archers,,België,Meer dan 30 dagen geleden,
32,Logistics Analyst,Lifescan,,Geel,24 dagen geleden,
33,Test Analyst,Euroclear,"4,0",Brussel,Meer dan 30 dagen geleden,
34,Data and Reporting Analyst,SCOPE Advice & Development,,Brussel,Meer dan 30 dagen geleden,
35,Data Analist,Amnesty International Vlaanderen,"4,1",Bruxelles Ixelles,Meer dan 30 dagen geleden,
36,Data Scientist Forecasting,OMP,,Wommelgem,Meer dan 30 dagen geleden,
37,Data Integration Consultant – SAS Data Integration,Keyrus,,België,Meer dan 30 dagen geleden,
38,Data Analyst - People Analytics,Deloitte,"4,0",Zaventem,20 dagen geleden,
39,Data Governance Consultant,Square One Resources,,Brussel-Hoofdstad,Zojuist geplaatst,
40,Junior Business Analyst,Fenego,,Hasselt België,Meer dan 30 dagen geleden,
41,Business Analyst,GFI,,België,Meer dan 30 dagen geleden,
42,Quantitative analyst,InvestSuite,,Leuven,Meer dan 30 dagen geleden,
43,GEO-Data analist,Geo Solutions,,België,Meer dan 30 dagen geleden,
44,Senior Sizing Data Analyst,Levi Strauss & Co.,"3,9",Zaventem,16 dagen geleden,
45,Digital Business Analyst,Overstock,,België,Meer dan 30 dagen geleden,
46,Data Analyst,Infrabel,"3,9",Brussel,Meer dan 30 dagen geleden,
47,Data Analyst,AXILEO,,Brussel,Meer dan 30 dagen geleden,
48,Lab analyst (Braine l’Alleud & Lessines ),Eurofins Belgium Professional Scientific Services,,Eigenbrakel,20 dagen geleden,
49,Medical Technology Analyst,CANDRIAM,"4,1",Brussel-Hoofdstad,17 dagen geleden,
50,eBusiness Analyst,Semetis,,Bruxelles Schaarbeek,12 dagen geleden,
51,Master Data Analyst,PepsiCo,"3,8",Veurne,12 dagen geleden,
52,IT Business Analyst,Eurofins,"3,1",Brussel,5 dagen geleden,
53,"Intern (Autumn 2019, Winter/Summer 2020)",Charles River Associates,,Brussel,Meer dan 30 dagen geleden,
54,Junior SAP Business Analyst,Barry Callebaut,"3,5",,Meer dan 30 dagen geleden,
62,Functional Data Analyst NL/FR,WinBee HRC,,Brussel,Zojuist geplaatst,
63,Business Analyst,BRIGHTKNOW,,Tinlot,11 dagen geleden,
64,Market Research & Data Analyst,Foodpairing,,Brugge,Meer dan 30 dagen geleden,
65,Data Analyst Credit Risk Modeller (E),TiTANS,,België,Meer dan 30 dagen geleden,
66,Junior Customer Trade Marketing Analyst,RB,"3,6",Brussel,Meer dan 30 dagen geleden,
67,International Compensation & Benefits Analyst,Fluxys,"4,5",Brussel,11 dagen geleden,
68,Data-analist,Stad Hasselt,"3,5",Hasselt België,15 dagen geleden,€5.149 per maand
69,Cybersecurity Analyst,Curios-it,,Antwerpen (stad),11 dagen geleden,
70,Data Analyst with Adobe Analaytics (D or F),TiTANS,,België,Meer dan 30 dagen geleden,
71,Junior Trademark Analyst (Italian & French),Clarivate Analytics,,Berchem,Meer dan 30 dagen geleden,
72,Statutory Audits Analyst,Eurofins,"3,1",Brussel,Meer dan 30 dagen geleden,
73,GIS analyst,GIM - Smart Geo Insights,,Leuven,10 dagen geleden,
74,Data Analyst,StepUp Consulting,,Leuven,Meer dan 30 dagen geleden,
75,2020 – G32 – Data Analyst/Scientist,Capgemini,"3,8",Diegem,Meer dan 30 dagen geleden,
76,Senior Data Analyst External Reporting,ING,"4,0",België,Meer dan 30 dagen geleden,
77,BUSINESS/FUNCTIONAL ANALYST,TMC,,België,Meer dan 30 dagen geleden,
78,FACTORY OUTLET ANALYST SPRING INTERN,Levi Strauss & Co.,"3,9",Zaventem,Meer dan 30 dagen geleden,
79,ERP Implementation Analyst,PFSweb,"3,2",Bierset,4 dagen geleden,
80,"Analyst, Sales Operations",Kipling,,Antwerpen (stad),10 dagen geleden,
81,"Analyst, Sales Operations",EastPak,,Bel,10 dagen geleden,
82,Security Data Analyst equensWorldline Belgium,worldline,"4,0",Brussel,Meer dan 30 dagen geleden,
84,Administrator and Analyst - Data Warehouse,TiTANS,,België,Meer dan 30 dagen geleden,
85,Junior BI Analyst Trainee,Upgrade data consulting,,Namen (stad),Meer dan 30 dagen geleden,
86,Data Analyst,Dynafin Consulting,,Brussel,Meer dan 30 dagen geleden,
87,FUNCTIONAL ANALYST – FREELANCE – 6 MONTHS – BRUSSELS (BELGIU...,Core-Origins,,Rotselaar,4 dagen geleden,
88,DATA ANALYST,HAYS,"3,6",Brussel,Meer dan 30 dagen geleden,
89,Data Warehouse Business Analyst,TiTANS,,België,Meer dan 30 dagen geleden,
90,"Data Business Analyst - Puurs-Sint-Amands, Belgium",Fedrus International,,Sint-Amands,Meer dan 30 dagen geleden,
91,Data & Analytics Consultant (H/F),Mevr. Lien Declercq,,Gent,Meer dan 30 dagen geleden,
92,"Business Analyst Intern | Brussels, Belgium",TopCompare,,Brussel-Hoofdstad,Meer dan 30 dagen geleden,
93,FREELANCE DATA ANALYST / Excel + sql,Eyetech Solutions,"4,8",Brussel,Meer dan 30 dagen geleden,€400 - €500 per week
94,GIS Analyst Consultant,GIM - Smart Geo Insights,,Leuven,Meer dan 30 dagen geleden,
95,Business Analyst Intern,TopCompare,,Brussel-Hoofdstad,Meer dan 30 dagen geleden,
96,Business Analyst (H/F),Dhr. Kevin Box,,Hasselt België,Meer dan 30 dagen geleden,
97,Junior Data Science Consultant,N-SIDE,,België,Meer dan 30 dagen geleden,
98,ANALYST-DEVELOPER (Junior-Senior) (H/F),Medi-Market,,Nijvel,4 dagen geleden,
99,Junior Marketing Analyst Intern,JACOBS DOUWE EGBERTS,"4,0",Brussel,Meer dan 30 dagen geleden,
100,Functional Analyst,dataa,,Brussel,Meer dan 30 dagen geleden,
101,Data Migration Analyst,Allianz,"3,9",Brussel,Meer dan 30 dagen geleden,
102,Reward Data Analyst Consultant,EY,"4,0",België,Meer dan 30 dagen geleden,
103,Financial Analyst,Ageas,,Brussel,13 dagen geleden,
104,Logistics analyst,Logflow,,België,Meer dan 30 dagen geleden,
106,Lab analyst Chromatography (H/F),Mevr. Natalie Hoste,,Gent,Meer dan 30 dagen geleden,
107,Data and Business Analyst,Actito,,Louvain-la-Neuve,Meer dan 30 dagen geleden,
108,Junior Business Analyst,METRO AG,,Wommelgem,Meer dan 30 dagen geleden,
109,Test Analyst - Financial Apps,TiTANS,,België,Meer dan 30 dagen geleden,
110,Senior Analyst / Project Manager,TCI Research,,Brussel,5 dagen geleden,
119,Junior Data Analist,Medialaan,,Vilvoorde,20 dagen geleden,
120,Data Engineer - Business Analyst,SWIFT,,Brussel,Meer dan 30 dagen geleden,
121,Product Analyst Integration,OMP,,Wommelgem,Meer dan 30 dagen geleden,
122,Business Process Consultant,CAPCO,,Brussel,6 dagen geleden,
123,Business Analyst,CHEP,"3,5",Mechelen,17 dagen geleden,
124,Cybersecurity Consultant,CAPCO,,Brussel,6 dagen geleden,
125,Media & Data Analyst,AUXIPRESS,,Oudergem,Meer dan 30 dagen geleden,
126,Data Governance Analyst,Sparagus,,Antwerpen (stad),3 dagen geleden,
127,Digital Marketing Data Analyst,We Are Digital,,Leuven,Meer dan 30 dagen geleden,
128,Junior Telecom Adviseur – Telecom Analyst,P&J Benedict,,Sint-Niklaas,Meer dan 30 dagen geleden,
129,Junior Research Analyst - Banking and Insurance,McKinsey & Company,"4,3",Brussel,Meer dan 30 dagen geleden,
130,Strategist,Prophets,,Antwerpen (stad),Meer dan 30 dagen geleden,
131,Data strategist,Telenet,"3,8",Mechelen,Meer dan 30 dagen geleden,
132,Data Analyst,Eurofins Digital Testing,,Hasselt België,Meer dan 30 dagen geleden,
133,Business Analyst,Seargin,,Brussel,5 dagen geleden,
135,Data Analist Digital Marketing,Aldi,"3,4",Erpe-Mere,2 dagen geleden,
136,Content Strategist,Prophets,,Antwerpen (stad),Meer dan 30 dagen geleden,
137,Director of Global Data & Insights,Wikimedia Foundation,,Brussel,Meer dan 30 dagen geleden,
138,Immunology Business Analyst,UCB S.A.,"3,8",Anderlecht,Meer dan 30 dagen geleden,
139,"Analyst, Sales Operations",VF Corporation,"3,8",Antwerpen (stad),10 dagen geleden,
140,Business Analyst Purchasing,Colruyt Group,"3,9",Halle,Meer dan 30 dagen geleden,
141,Business Process Analyst,Reditech,,België,Meer dan 30 dagen geleden,
142,INTERNATIONAL PROGRAMME FOR JUNIORS (VIE) - DATABASE ADMINIS...,Total,"4,0",België,Meer dan 30 dagen geleden,
144,Stafmedewerker kwaliteit,AZ Klina,"5,0",Brasschaat,10 dagen geleden,
145,Data Analyst (H/F),AGO Jobs & HR,,Doornik,Meer dan 30 dagen geleden,
146,Supply Chain Business Analyst,OMP,,Wommelgem,Meer dan 30 dagen geleden,
147,Risk Officer Data Management,ING,"4,0",België,26 dagen geleden,
148,Enterprise Data Specialist/ Manager,Entico,,Brussel,6 dagen geleden,
149,Voltijds data-analist/beleidsmedewerker Business Intelligenc...,Thomas More,,Mechelen,3 dagen geleden,
150,Junior Trademark Analyst (German Speaker),Clarivate Analytics,,Berchem,Meer dan 30 dagen geleden,
151,Price List Data Advisor,TVH GROUP NV,"3,7",Waregem,Meer dan 30 dagen geleden,
153,Technical Analyst Data,ENGIE,"3,7",Brussel,Meer dan 30 dagen geleden,
154,Marketing Analist,Domino's Pizza Netherlands,"3,6",Berchem,26 dagen geleden,
155,Markov chain Monte Carlo methods for Bayesian data assimilat...,KU Leuven,"4,2",Leuven,Meer dan 30 dagen geleden,
156,Wizard of Data,Induxx,,Aalst,5 dagen geleden,
157,ServiceMax SME,"Terumo BCT, Inc.",,Leuven,11 dagen geleden,
158,Data Analyst / Data Architect,LACO Information Services,,Diegem,Meer dan 30 dagen geleden,
159,LAB ANALIST,Pfizer,"4,2",Puurs,Meer dan 30 dagen geleden,
160,CRM Analyst,Telenet,"3,8",Mechelen,Meer dan 30 dagen geleden,
161,Functional Data Analyst,Securex,"3,8",Brussel,Meer dan 30 dagen geleden,
162,Business Intelligence Analyst,Hubo,"3,8",Wommelgem,23 dagen geleden,
163,Analyst/Consulant - Belgium,Miebach Consulting,,Leuven,Meer dan 30 dagen geleden,
164,Product Analyst,Corilus,"2,8",Gent,18 dagen geleden,
165,Advisor Analyst,NMBS,"3,6",Brussel,26 dagen geleden,
166,Digital Analyst,Colruyt Group,"3,9",Halle,Meer dan 30 dagen geleden,
167,Business Analyst,StepUp Consulting,,Leuven,Meer dan 30 dagen geleden,
177,Audit Data Analyst Expert,Euroclear,"4,0",Brussel,Meer dan 30 dagen geleden,
178,Master Data Analyst,Barry Callebaut,"3,5",Lebbeke Wieze,Meer dan 30 dagen geleden,
179,Data Analytics en Reporting Analyst (DMOW) via Vlaanderen co...,Vlaanderen Connect.,,Brussel,Meer dan 30 dagen geleden,
180,Data Architect,b.fine,,Brussel,3 dagen geleden,
181,Commerical Policy Analyst,Orange,"4,1",België,Meer dan 30 dagen geleden,
182,Senior Analyst,Retailored,,Bruxelles Berchem-Sainte-Agathe,Meer dan 30 dagen geleden,
183,Financieel Analyst,Denys,"4,2",Wondelgem,24 dagen geleden,
184,Business Consultant Finance/Energy,BK Consulting Brussels,,Brussel,21 dagen geleden,
185,Business Analyst Competition & retail,Colruyt Group,"3,9",Halle,Meer dan 30 dagen geleden,
186,Data-analist (m/v/x),AZ Jan Palfijn,"2,7",Gent,Meer dan 30 dagen geleden,
187,Business Analyst BI,Vinçotte,"3,2",België,Meer dan 30 dagen geleden,
188,Reporting Analyst Supply Chain,Colruyt Group,"3,9",Halle,Meer dan 30 dagen geleden,
189,Financial Data Analyst,Aquafin NV,"4,3",Aartselaar,Meer dan 30 dagen geleden,
190,Functional analyst,Keyrus,,België,Meer dan 30 dagen geleden,
191,Business Process Analyst,Logi-technic,"2,8",Gent,19 dagen geleden,
192,Business Analyst,Devoteam Technology Consulting Belgium,,Zaventem,Meer dan 30 dagen geleden,
193,Application Analyst - Developer .Net,Darwin,,Ieper,6 dagen geleden,
196,BI Developer,A.S.Adventure,,Hoboken,Meer dan 30 dagen geleden,
197,Learning and Knowledge Expert (H/F),Mevr. Van Aert,,Wommelgem,Meer dan 30 dagen geleden,
198,Project Architect,Proximus Group,"3,9",Brussel,5 dagen geleden,
199,Data Management Analyst - Customer Journey Expert,ING,"4,0",België,Meer dan 30 dagen geleden,
200,Methods and applications for Bayesian phylodynamic inference,KU Leuven,"4,2",Leuven,Meer dan 30 dagen geleden,
201,Cyber Security Analyst,"MCR, LLC.",,Bergen,4 dagen geleden,
202,RWE Scientist UK/Belgium/US,UCB S.A.,"3,8",Anderlecht,Meer dan 30 dagen geleden,
203,Business Intelligence Expert/Analyst,Versele-Laga,,Deinze,Meer dan 30 dagen geleden,
204,Software Engineer,FEops NV,,Gent,Meer dan 30 dagen geleden,
205,Data Scientist,Agilytic,,Brussel,Meer dan 30 dagen geleden,
206,"Business Analyst | Brussels, Belgium",TopCompare,,Brussel-Hoofdstad,Meer dan 30 dagen geleden,
207,Data analist,Connect-ICT,,Brussel-Hoofdstad,4 dagen geleden,
208,Web data Analyst (m/v),Ethias,"4,4",Luik (stad),Meer dan 30 dagen geleden,
209,Functional - Business Analyst,Oniryx,,België,Meer dan 30 dagen geleden,
210,RISK ANALYST,ENI,,Brussel-Hoofdstad,Meer dan 30 dagen geleden,
211,Business Intelligence Analyst,SWORD,,Brussel-Hoofdstad,Meer dan 30 dagen geleden,
212,Cybersecurity / SOC Analyst,Sogeti,"3,4",Diegem,Meer dan 30 dagen geleden,
213,Medior Data Analist,Burdock,,Antwerpen (stad),27 dagen geleden,
214,Business Analysis Specialist Data Monetisation - Liquidity,Euroclear,"4,0",Brussel,Meer dan 30 dagen geleden,
215,Cream Consulting - Data Analyst,Cream Consulting,,Brussel,Meer dan 30 dagen geleden,
216,sr Data Analyst - SQL (SAS) CRM Banking DEF,TiTANS,,Brussel,Meer dan 30 dagen geleden,
217,Data analyst,VOO,"3,5",Seraing,Meer dan 30 dagen geleden,
218,Junior Analyst Inventory,CooperVision,"3,8",Luik (stad),Meer dan 30 dagen geleden,
219,ICT Business Analyst,Fluxys,"4,5",Brussel,11 dagen geleden,
220,Investors Relations Associate,Eurofins,"3,1",Brussel,Meer dan 30 dagen geleden,
221,Product Engineer (H/F),Jeroen Coussement,,Gent,Meer dan 30 dagen geleden,
222,Data Analyst - Team Leader,KONE,"3,7",Brussel,Meer dan 30 dagen geleden,
223,Category Management & Analytics Intern Belgium,PepsiCo,"3,8",Zaventem,3 dagen geleden,
224,Data Architect,LoQutus,,Gent,Meer dan 30 dagen geleden,
225,Product Analyst - SAP Integration,OMP,,Antwerpen (stad),Meer dan 30 dagen geleden,
235,Business Analyst (f-h-x),BNP Paribas,"3,9",België,Meer dan 30 dagen geleden,
236,SAS Business Analytics / Data Science consultant (H/F/X) MAC...,Cooder,,Machelen,10 dagen geleden,
237,Jr Analyst / Auditor,Retailored,,Bruxelles Berchem-Sainte-Agathe,Meer dan 30 dagen geleden,
238,Data Governance Specialist BI,Proximus Group,"3,9",Brussel,Meer dan 30 dagen geleden,
239,Lid ICT binnen CG/Informatieveiligheid & Privacy,Federale Politie,"3,0",België,13 dagen geleden,
240,Client Business Analyst,Nielsen,"3,8",Brussel,26 dagen geleden,
241,Global Business Analyst Neurology,UCB S.A.,"3,8",Anderlecht,Meer dan 30 dagen geleden,
242,Finance & Analytics Internship program,UCB S.A.,"3,8",Anderlecht,Meer dan 30 dagen geleden,
243,Functioneel Analist,AARIXA,,België,Meer dan 30 dagen geleden,
244,"Enterprise Account Executive, Google Cloud",Google,"4,3",Brussel,6 dagen geleden,
245,Marketing Product Analyst,Case New Holland Industrial,"3,8",Brussel,Meer dan 30 dagen geleden,
246,Field Sales Intern Belgium,PepsiCo,"3,8",Zaventem,11 dagen geleden,
247,Business Analyst - Nipro Pharmapackaging Intl.,Nipro Europe Group Companies,,Mechelen,Meer dan 30 dagen geleden,
249,BUSINESS ANALYST,Intys Consulting,,Brussel,Meer dan 30 dagen geleden,
250,Job | Functional Analyst | Brussel,Belfius,"3,6",Brussel,Meer dan 30 dagen geleden,
251,Data Analyst - Executive Compensation,Institutional Shareholder Services Inc,,Bruxelles Watermael-Boitsfort,Meer dan 30 dagen geleden,
252,Junior Quantitative Analyst / Risk Consultant - Start Fall 2...,PwC,"4,0",Brussel,Meer dan 30 dagen geleden,
253,Strategisch Data Analist,Hasco Invest,,Hasselt België,Meer dan 30 dagen geleden,
254,SVP Business Development and Ambulatory Growth,WellStar Health System,,Antwerpen (stad),4 dagen geleden,
255,Junior Optimization Consultant,N-SIDE,,België,Meer dan 30 dagen geleden,
256,Talent Acquisition Specialist,Luminus,"3,4",Brussel,Meer dan 30 dagen geleden,
258,"Sr. Data Analyst, SaaS Transformation",Collibra,,Brussel,Meer dan 30 dagen geleden,
259,Functional Analyst,GFI,,België,Meer dan 30 dagen geleden,
260,Data Engineer,MultiMinds,,Aalst,Meer dan 30 dagen geleden,
261,Application Analyst B-Stations,Ypto NV,,Anderlecht,Meer dan 30 dagen geleden,
262,Product Analyst,Sparagus,,Antwerpen (stad),2 dagen geleden,
263,Supply Chain Analyst (H/F),Fleur Deprez,,Roeselare,Meer dan 30 dagen geleden,
264,Economist,FSMA,,Brussel,Meer dan 30 dagen geleden,
265,Traineeship Business & Technology,Planet Talent,,België,Meer dan 30 dagen geleden,
266,Oracle E-Business Analyst SWD1002,Kristanea,,Brussel,Meer dan 30 dagen geleden,
267,Commercial Analyst,deSter,"3,4",Hoogstraten,Meer dan 30 dagen geleden,
268,Technical Consultant Integration,OMP,,Wommelgem,Meer dan 30 dagen geleden,
269,Azure Data Engineer,Proximus SpearIT,,Brussel,11 dagen geleden,
270,Business Analyst BI,LACO Information Services,,Diegem,Meer dan 30 dagen geleden,
271,Functional Analyst Junior RPA,Sibelga,"4,0",Brussel,Meer dan 30 dagen geleden,
272,Business Intelligence Analyst,NRB,"3,4",Brussel,Meer dan 30 dagen geleden,
273,Global Business Development and Sales Director – Hydrogen El...,Cummins Inc.,"3,9",Mol,Vandaag,
274,Senior Business Analyst,ZEB,"3,9",Merchtem,10 dagen geleden,
275,Business Intelligence Analyst,Smartvalue,,Wandre,Meer dan 30 dagen geleden,
276,Full Stack Developer (H/F),Dhr. Kevin Box,,Hasselt België,Meer dan 30 dagen geleden,
277,Transportation Analyst,Caterpillar,"3,9",Grimbergen,Meer dan 30 dagen geleden,
278,Senior Digital Performance Analyst.,Clicktrust,,Brussel,Meer dan 30 dagen geleden,
279,Commercial Business Analyst,Excecutive Talents via VDAB,,Heverlee,Vandaag,
282,Pim Data Specialist,Van den Broeck - Prolians,,Herenthout,Meer dan 30 dagen geleden,
284,Marketing Analyst Retail Partners Colruyt Group,Colruyt Group,"3,9",Mechelen,7 dagen geleden,
291,Geomathicus - Federale Politie / Police Fédérale,Fedict Select - OPGEZEGD,,België,Meer dan 30 dagen geleden,
292,Technical Big Data Analyst,Telenet,"3,8",Mechelen,Meer dan 30 dagen geleden,
293,"Supply Chain Analyst Fine Food Cheese, Coffee & Wine",Colruyt Group,"3,9",Ghislenghien,11 dagen geleden,
294,Project Manager & Opex Analyst,Athora Belgium,"4,3",Bruxelles Ixelles,Meer dan 30 dagen geleden,
295,Actuarieel Analist,Baloise Group,,Antwerpen (stad),21 dagen geleden,
296,Geomathicus,Fedict Select - OPGEZEGD,,België,Meer dan 30 dagen geleden,
297,Customer Experience Analyst,TVH GROUP,"3,7",Waregem,Meer dan 30 dagen geleden,
298,Analyste Business Intelligence Junior (m/f/x),CPAS d'Anderlecht,"3,8",Anderlecht,3 dagen geleden,
299,Client Strategy Director,Clicktrust,,Brussel,Meer dan 30 dagen geleden,
300,Customer Collaboration Manager,Mondelēz International,"4,0",Mechelen,2 dagen geleden,
301,Risk Analyst,Securex,"3,8",Brussel,Meer dan 30 dagen geleden,
302,"Sr Analyst, Business - Sales Operations",Ansell,,Brussel,Meer dan 30 dagen geleden,
303,Senior Functional Analyst,Proximus SpearIT,,Brussel,Zojuist geplaatst,
304,Business architect,Ordina Belgium,"3,8",België,Meer dan 30 dagen geleden,
305,Data-analyst Stockbeheer,Colruyt Group,"3,9",Halle,Meer dan 30 dagen geleden,
306,Analyste actuariel,Baloise Group,,Antwerpen (stad),21 dagen geleden,
307,Group Revenue Analyst,Walters People,"3,1",Gent,19 dagen geleden,
308,Senior Statistical Analyst,"Medpace, Inc.",,Leuven,Meer dan 30 dagen geleden,
309,Financial & Performances Analyst,Walters People,"3,1",Evere,17 dagen geleden,
310,Internship in Document & Content Services,ING,"4,0",België,Meer dan 30 dagen geleden,
311,afarax - BI Developer - Data Vault,afarax,,Waals-Brabant,5 dagen geleden,
312,Microsoft BI Analyst,TiTANS,,Brussel,Meer dan 30 dagen geleden,
313,Artificial Intelligence Engineer,TVH GROUP,"3,7",Waregem,Meer dan 30 dagen geleden,
314,Numerical methods for data assimilation applied to structura...,KU Leuven,"4,2",Leuven,Meer dan 30 dagen geleden,
315,Sourcing Manager EU,UCB S.A.,"3,8",Anderlecht,Meer dan 30 dagen geleden,
316,Data Analist,Cartiere,,Antwerpen (stad),4 dagen geleden,
317,Operations Analist (M/V): (Business Support Operations),Katoen Natie,"3,2",Kallo,Meer dan 30 dagen geleden,
318,Credit Analyst,Huntsman,"3,9",Everberg,Meer dan 30 dagen geleden,
319,Young starter : Junior IT Analyst,Proximus Group,"3,9",Brussel,Meer dan 30 dagen geleden,
320,Functional Analyst,Devoteam Technology Consulting Belgium,,Zaventem,17 dagen geleden,
321,Business controller,Komma Board,"4,3",Gent,Meer dan 30 dagen geleden,
322,Enterprise Report Analyst,Perrigo Company,"3,7",Nazareth,Meer dan 30 dagen geleden,
323,Business Analyst,Arvesta,"4,7",Leuven,Meer dan 30 dagen geleden,
325,Digital Analyst (Gent),The Reference,,Gent,Meer dan 30 dagen geleden,
326,Senior Business Analyst OTC,Barry Callebaut,"3,5",Lebbeke,Meer dan 30 dagen geleden,
327,Business Analyst IT,Anankei,"4,8",Brussel,20 dagen geleden,
328,BI Analyst,TVH GROUP,"3,7",Waregem,Meer dan 30 dagen geleden,
329,Junior SAP Business Analyst,Barry Callebaut,"3,5",Lebbeke Wieze,Meer dan 30 dagen geleden,
330,Performance Analyst,CANDRIAM,"4,1",Brussel-Hoofdstad,Meer dan 30 dagen geleden,
331,Corporate Governance - Custom Research Analyst,Institutional Shareholder Services Inc,,Bruxelles Watermael-Boitsfort,Meer dan 30 dagen geleden,
332,Business Analyst,KranszWald,,Brussel,Meer dan 30 dagen geleden,
333,Data Engineer,Medialaan,,Vilvoorde,Meer dan 30 dagen geleden,
334,Senior Business Analyst Dermatology,UCB S.A.,"3,8",Anderlecht,Meer dan 30 dagen geleden,
335,FUNCTIONA ANALYST - Energy Industry,Eyetech Solutions,"4,8",Brussel,3 dagen geleden,
336,Support Analyst Traveler Information,Ypto NV,,Anderlecht,Meer dan 30 dagen geleden,
337,"Strategic Account Manager - Travel, Transport & Hospitality",Salesforce,,Zaventem,Meer dan 30 dagen geleden,
338,GDPR & procesverantwoordelijke VAKcentrum Marketing,Colruyt Group,"3,9",Halle,Meer dan 30 dagen geleden,
339,Data & Analytics Consultants – Advisory (Sector focus: Banki...,EY,"4,0",Brussel,Meer dan 30 dagen geleden,
350,International Fleet Purchaser,D'Ieteren Auto,"4,2",Zaventem,Meer dan 30 dagen geleden,
351,TEAM LEADER PRODUCT DESIGN,VPK Packaging Group,,Oudegem,7 dagen geleden,
353,Functional Analyst,AXILEO,,Brussel,Meer dan 30 dagen geleden,
354,Developer RPA/Automatisation,Telenet,"3,8",Mechelen,6 dagen geleden,
355,Job | Functional Analyst Data | Brussel,Belfius,"3,6",Brussel,Meer dan 30 dagen geleden,
357,Technology Analyst (H/F),Mevr. Eline De Cuypere,,Gent,Meer dan 30 dagen geleden,
358,afarax - Functional Analyst,afarax,,Brussel,Meer dan 30 dagen geleden,
359,Functional Analyst,BuSi,,Brussel,Meer dan 30 dagen geleden,
360,First Line Security Event Analyst (FLSEA),Enterpryze Consulting Ltd.,,Bergen,5 dagen geleden,
361,IT Business Analyst - SAP SD/MM - Retail,carrefourb,"3,9",Evere,Meer dan 30 dagen geleden,
362,Insight Finder,UCB S.A.,"3,8",Anderlecht,Meer dan 30 dagen geleden,
363,FUNCTIONAL ANALYST,Bangura Solutions,,Brussel,Meer dan 30 dagen geleden,
364,Strategic Business Advisor,Colruyt Group,"3,9",Halle,Meer dan 30 dagen geleden,
365,Functioneel / Business Analist,Mediaan,,Hasselt België,Meer dan 30 dagen geleden,
366,Product Owner,Trimble,,Leuven,6 dagen geleden,
367,Data Management Business Analyst,Janssen Pharmaceuticals,"4,2",Beerse,Meer dan 30 dagen geleden,
368,IDMP XEVMPD Analyst,ProductLife Group,,Sint-Pieters-Woluwe,Meer dan 30 dagen geleden,
369,DATA SYSTEM SUPERVISOR (H/F),ADVICE AND EXECUTIVE SEARCH,,Brussel,7 dagen geleden,
370,Senior Business Analyst,OMP,,Wommelgem,Meer dan 30 dagen geleden,
372,Business / Process Analyst Payments,Dynafin Consulting,,Brussel,Meer dan 30 dagen geleden,
373,business analist projectleider,i.deeds,,Waregem,Meer dan 30 dagen geleden,
374,Cream Consulting - Business Analyst Business Intelligence,Cream Consulting,,Brussel,28 dagen geleden,
375,Business Analyst with focus on O365,Enterpryze Consulting Ltd.,,Brussel,26 dagen geleden,
376,Data Analyst,Sparagus,,Brussel,Meer dan 30 dagen geleden,
377,Service Level Management Analyst - NATO,Galorath Inc.,,Bergen,16 dagen geleden,
378,(Junior) Risk Analyst bankensector,Walters People,"3,1",Gent,Meer dan 30 dagen geleden,
379,REWARD SURVEY ANALYST AND COORDINATOR,Hays,"3,6",Brussel,Meer dan 30 dagen geleden,
380,MARKET RESEARCH CONSULTANT,Trilations,"4,8",Kontich,Meer dan 30 dagen geleden,
381,IT Controller,Eurofins,"3,1",Brussel,Meer dan 30 dagen geleden,
382,Kwantitatief analist(e) interne modellen - banken (V/M/X),NBB,,Brussel,3 dagen geleden,
383,Data Architect,Thaleria,,Brussel,Meer dan 30 dagen geleden,
384,Contract Management Officer,Everis,,Brussel,Meer dan 30 dagen geleden,
385,Business Analyst SAP HR,Infrabel,"3,9",Brussel,18 dagen geleden,
386,Solution Design Support Consultant Integration,OMP,,Antwerpen (stad),Meer dan 30 dagen geleden,
387,Insight Innovation Lab,UCB S.A.,"3,8",Anderlecht,Meer dan 30 dagen geleden,
388,Business Analyst Away From Home Field BNL,PepsiCo,"3,8",Zaventem,17 dagen geleden,
389,Incident Analyst,Avertim,,Brussel,Meer dan 30 dagen geleden,
390,Business intelligence analist jr. (m/v),OCMW ANDERLECHT,"3,9",Anderlecht,2 dagen geleden,
391,Pricing Analyst /X (H/F),THE CONSULTANTS,,Berchem,Meer dan 30 dagen geleden,
392,Cream Consulting - Functional Analyst,Cream Consulting,,Brussel,13 dagen geleden,
393,Advanced Analytics DMSO Translator (Belgium or Switzerland),UCB S.A.,"3,8",Eigenbrakel,Meer dan 30 dagen geleden,
394,Business / Process Analyst Regulatory,Dynafin Consulting,,Brussel,Meer dan 30 dagen geleden,
395,Pricing Analyst (m/w) (H/F),THE CONSULTANTS,,Berchem,Meer dan 30 dagen geleden,
396,Solutions Architect (H/F/X) GENT,Cooder,,Gent,10 dagen geleden,
397,Statistician,Keyrus Life Science,,Waals-Brabant,Meer dan 30 dagen geleden,
398,Business Analyst (H/F),Modis,"3,6",Brussel,6 dagen geleden,
407,Salesforce Technical Analyst/Architect,Ubique Systems UK Limited,,Brussel-Hoofdstad,6 dagen geleden,
408,Senior Functional Analyst,Anankei,"4,8",Zaventem,Zojuist geplaatst,
410,Strategic Account Manager - Retail,Salesforce,,Zaventem,Meer dan 30 dagen geleden,
417,Senior Digitale Marketeer,Tunity,,Geel,Meer dan 30 dagen geleden,
425,Senior Consultant Customer,Bluecrux,,Mechelen,Meer dan 30 dagen geleden,
429,Business Analyst - European Commission,Everis,,Brussel,Meer dan 30 dagen geleden,
439,BI - Application Analyst,Compusearch,,Brussel,Meer dan 30 dagen geleden,
447,Senior Engineer Analyst,Stanley Black & Decker,"3,6",Edingen,26 dagen geleden,
450,DATA ANALIST - Interne rol !,Eyetech Solutions,"4,8",Sint-Truiden,17 dagen geleden,€24.000 - €55.000 per jaar
455,FREELANCE BI ANALYST / MIG6 + SQL,Eyetech Solutions,"4,8",Gent,Meer dan 30 dagen geleden,€450 - €550 per week
456,Business Analyst,CIBG,,Brussel,Meer dan 30 dagen geleden,
464,Master Data Guardian Material,Barry Callebaut,"3,5",Lebbeke Wieze,Meer dan 30 dagen geleden,
465,Risk Analyst,Viavera Recruitment,,Brussel-Hoofdstad,Meer dan 30 dagen geleden,
466,BI Master Data Analyst,ADESA Europe NV,,Tienen,Meer dan 30 dagen geleden,
468,Development specialist UCMDB,Colruyt Group,"3,9",Halle,Meer dan 30 dagen geleden,
469,Senior Lab analyst / Project Manager (Braine-l'Alleud),Eurofins Belgium Professional Scientific Services,,Eigenbrakel,20 dagen geleden,
470,Financial Planning & Data Analyst,Michael Page BE,"3,5",Brussel,Meer dan 30 dagen geleden,
471,"Master Data Manager - Puurs-Sint-Amands, Belgium",Fedrus International,,Sint-Amands,Meer dan 30 dagen geleden,
472,UI Designer,AXA Belgium,"3,9",Brussel,Meer dan 30 dagen geleden,
473,Data Engineer,TVH GROUP,"3,7",Waregem,Meer dan 30 dagen geleden,
474,Business analyst,Bridgers,,Brussel,Meer dan 30 dagen geleden,
475,Application Analyst – Developer (m/v/x),Lamifil,,Hemiksem,Meer dan 30 dagen geleden,
476,M3 ERP Financial Business Analyst,Kemin,,Herentals,Meer dan 30 dagen geleden,
478,Data Migration Engineer (Azure),Anankei,"4,8",Brussel,17 dagen geleden,
479,Talencia Consulting - SAS Analyst Developer,Talencia Consulting,,Brussel,20 dagen geleden,
480,Analyst Programmer - ESB Integrator,CIBG,,Brussel,Meer dan 30 dagen geleden,
481,Category Insights Analyst,Aldi,"3,4",Erpe-Mere,Meer dan 30 dagen geleden,
483,SAP Functional Analyst,CIBG,,Brussel,Meer dan 30 dagen geleden,
485,Backend Developer,Skipr,,Bruxelles Ixelles,Meer dan 30 dagen geleden,
486,Functional Analyst - BIREC,EGOV Select,,Brussel,6 dagen geleden,
487,Lead IT Business Analyst,Enginium Group,,Hasselt België,21 dagen geleden,
488,Compliance Analyst (Sanctions & RFI's),Gentis Recruitment,,Brussel,Meer dan 30 dagen geleden,
489,Data Product Owner / BA,Inavise IT,,Brussel,Meer dan 30 dagen geleden,
490,Breeding Informatics Product Owner,BBCC - Business Belux (Branch),,Gent,Meer dan 30 dagen geleden,
491,Functioneel Analisten ( VDAB) via Vlaanderen connect.,Vlaanderen Connect.,,Brussel,Meer dan 30 dagen geleden,
492,Data Management Analyst,Pauwels Consulting,"3,3",Brussel,Meer dan 30 dagen geleden,
493,Business & Risk Controller/Financial data analyst,Viavera Recruitment,,Brussel,Meer dan 30 dagen geleden,
494,Functional Analyst (medior/senior),asUgo,,Brussel,10 dagen geleden,
496,Informatica - Docent data-analist (Antwerpen),Syntra AB,,België,Meer dan 30 dagen geleden,
497,Application Analyst BI - Finance,Ypto NV,,Anderlecht,Meer dan 30 dagen geleden,
498,Voice of the Customer Expert,delaware,"3,8",Gent,Meer dan 30 dagen geleden,
499,Data Analyst,Viavera Recruitment,,Borsbeek,21 dagen geleden,
500,Segmentation & Category Manager,Generations Recruitment,,Brussel,Meer dan 30 dagen geleden,
501,Internal Account Manager,Barry Callebaut,"3,5",Lebbeke Wieze,Meer dan 30 dagen geleden,
502,Medior Functional Analyst (H/F),Mevr. Yannina Henderieckx,,Leuven,Meer dan 30 dagen geleden,
504,BUSINESS REPORTING ANALYST,Roularta Media Group,"3,5",Roeselare,Meer dan 30 dagen geleden,
505,Sales & Marketing Coordinator - Belgium,Opel Vauxhall Finance,,Brussel,Meer dan 30 dagen geleden,
506,Business Analist (AIV) via Vlaanderen connect.,Vlaanderen Connect.,,Gent,Meer dan 30 dagen geleden,
509,DATA ANALIST - Interne rol!,Eyetech Solutions,"4,8",Tessenderlo,Meer dan 30 dagen geleden,€24.000 - €55.000 per jaar
510,Actuarieel analist,Christelijke Mutualiteit,"3,5",Schaarbeek,Meer dan 30 dagen geleden,
511,EU Policy Advisor Financial Services,Fleishman-Hillard,,Brussel,Meer dan 30 dagen geleden,
512,Business/Functional Analyst: Energy Production & Maintenance,alti.cernum,,Sint-Stevens-Woluwe,Meer dan 30 dagen geleden,
520,Business/Functional Analyst: ETRM,alti.cernum,,Sint-Stevens-Woluwe,Meer dan 30 dagen geleden,
521,Business Systems Analyst Oracle,Graco,"3,8",Maasmechelen,Meer dan 30 dagen geleden,
522,IT Product Owner Retail Supply Chain,Standaard Boekhandel,"4,0",Sint-Niklaas,Meer dan 30 dagen geleden,
523,Technical Consultant,Sofico nv,,Zwijnaarde,Meer dan 30 dagen geleden,
524,Senior Service Delivery Analyst Proactive Solutions Benelux...,Goodyear,"3,7",Kontich,Meer dan 30 dagen geleden,
525,FREELANCE BI ANALYST / SAP BO + BW + MDG,Eyetech Solutions,"4,8",Brussel,Meer dan 30 dagen geleden,
527,Technical Analyst Salesforce,TiTANS,,Brussel,Meer dan 30 dagen geleden,
529,BI ANALYST | Road to Data Science,Eyetech Solutions,"4,8",Brussel,Meer dan 30 dagen geleden,€35.000 - €55.000 per jaar
530,Data Analyst,D-Network,,Vlaams-Brabant,Meer dan 30 dagen geleden,
531,Product Owner,Aprimo LLC,,Gent,Meer dan 30 dagen geleden,
532,BUSINESS INTELLIGENCE ANALYST - Une carrière stable,Eyetech Solutions,"4,8",Luik (stad),Meer dan 30 dagen geleden,
533,SAS Practice Lead (H/F),Antoine Biemans,,Machelen,Meer dan 30 dagen geleden,
534,UCMDB Development Specialist,Colruyt Group,"3,9",Halle,Meer dan 30 dagen geleden,
535,Analist(e),Jobmatch,,Temse,Meer dan 30 dagen geleden,
536,Category Insights Analyst m/v,Daoust,"3,5",Erpe-Mere,24 dagen geleden,
537,Ossia Conseil - IT Business Analyst Trading,Ossia Conseil,,Brussel,Meer dan 30 dagen geleden,
539,Clinical Solutions Analyst,UCB S.A.,"3,8",Anderlecht,Meer dan 30 dagen geleden,
540,Analyste – Statisticien pour le SPF Santé Publique (m/f/x),Special Federal Forces,,Sint-Gillis,19 dagen geleden,
541,Salesforce Analyst Developer,NetLink Group,,Brussel,Meer dan 30 dagen geleden,
542,Application Analyst BI - Train Maintenance,Ypto NV,,Anderlecht,Meer dan 30 dagen geleden,
543,IT Business Analyst,NetLink Group,,Brussel,Meer dan 30 dagen geleden,
544,Data Analyst,Smals,"3,6",Brussel,Meer dan 30 dagen geleden,
545,Front-End Developer (H/F),Dhr. Kevin Box,,Hasselt België,Meer dan 30 dagen geleden,
546,DIGITAL ANALYST | Agile omgeving,Eyetech Solutions,"4,8",Zedelgem,Meer dan 30 dagen geleden,€40.000 - €60.000 per jaar
547,Analisten,Brunel,"3,9",Mechelen,Vandaag,
548,Business Analyst Industrial Maintenance,Elia,"4,1",Brussel,Meer dan 30 dagen geleden,
549,BUSINESS INTELLIGENCE ANALYST - Secteur Digital,Eyetech Solutions,"4,8",Luik (stad),Meer dan 30 dagen geleden,
550,PMO,Docbyte,,Gent,Meer dan 30 dagen geleden,
552,eBusiness Analyst eBusiness Analyst,NedWorks,,Brussel,Meer dan 30 dagen geleden,
553,Enterprise Architect/Data Analyst,EUROPEAN DYNAMICS,,Brussel,3 dagen geleden,
554,Domain Architect,Materialise,,Leuven,Meer dan 30 dagen geleden,
555,BUSINESS INTELLIGENCE ANALYSTE - Équipe Data | Projets Digit...,Eyetech Solutions,"4,8",Luik (stad),10 dagen geleden,
557,Application Analyst BI - Supply Chain Management,Ypto NV,,Anderlecht,Meer dan 30 dagen geleden,
558,Data Marketing Analyst,D-Network,,Brussel-Hoofdstad,Meer dan 30 dagen geleden,
559,Data Modeler,Sparagus,,Brussel,Meer dan 30 dagen geleden,
561,Product Manager,DataCamp,,Leuven,Meer dan 30 dagen geleden,
562,Analist - Statisticus voor de FOD Volksgezondheid (m/v/x),Special Federal Forces,,Sint-Gillis,19 dagen geleden,
563,Business Process Analyst,Colruyt Group,"3,9",Halle,Meer dan 30 dagen geleden,
565,Agile Functional Analyst,Equalminds,,Edegem,Meer dan 30 dagen geleden,
567,ICT - Business Analist,Mulder Natural Foods,,Beveren (Roeselare),Meer dan 30 dagen geleden,
568,BUSINESS ANALIST,Bakker & Partners,,Antwerpen (stad),Meer dan 30 dagen geleden,
574,STAFMEDEWERKER ANALYSE EN RAPPORTERING,Huis van het Nederlands Brussel vzw,,Brussel,Meer dan 30 dagen geleden,
575,Senior Account Executive – Telco,Salesforce,,Zaventem,Meer dan 30 dagen geleden,
576,Supply Chain Data Supervisor,Noordzee Helikopters Vlaanderen,,Oostende,Meer dan 30 dagen geleden,
578,Applicatie Analist,De Lijn,"3,6",Antwerpen (stad),Meer dan 30 dagen geleden,
579,Docent data-analist,Syntra Midden-Vlaanderen,,Gent,Meer dan 30 dagen geleden,
580,Test integration engineer and Test Automation Engineer,Devoteam Technology Consulting Belgium,,Zaventem,17 dagen geleden,
581,Functioneel analist,Connect-ICT,,Brussel-Hoofdstad,12 dagen geleden,
582,Oracle APEX developer,Inkubis,,Kontich,Meer dan 30 dagen geleden,
583,Sr Business Analist Metering Proces,SERTEC nv via VDAB,,Oost-Vlaanderen,4 dagen geleden,
584,Functional Process Analyst,EGOV Select,,Evere,Meer dan 30 dagen geleden,
585,Enterprise Account Executive,Anaplan,,Brussel,Meer dan 30 dagen geleden,
586,BI Developer (Brussels),Lawrence Harvey,,Brussel,7 dagen geleden,
587,Business Analyst SAP PP (m/f),Deceuninck,"4,1",Hooglede Gits,Meer dan 30 dagen geleden,
588,Analytical Method Validation Consultant M/W/X (H/F),BD LIFE SCIENCES,,Sint-Lambrechts-Woluwe,Meer dan 30 dagen geleden,
589,Software Developer (H/F/X) GENT,Dhr. Paul,,Gent,Meer dan 30 dagen geleden,
591,Contract Management - Legal Officer,Everis,,Brussel,Meer dan 30 dagen geleden,
592,CK-230 Spotfire Senior Consultant,caisma-kmit,,Waver,Meer dan 30 dagen geleden,
593,Cyber Security Analyst,Approach,,Mont-Saint-Guibert,Meer dan 30 dagen geleden,
594,Agile Business Analist,Qframe,,Kontich,Meer dan 30 dagen geleden,
595,Functional/Business Analyst,USG Professionals,"3,6",Anderlecht,11 dagen geleden,
596,Functional analist finance,Atlas Copco Airpower N.V.,,Wilrijk,Meer dan 30 dagen geleden,
597,SAP FICO - PS Functional Analyst French and Dutch Speaker,Alexandra Paul Recruitment LLP,,Brussel-Hoofdstad,4 dagen geleden,
598,Business consultant finance,Ordina Belgium,"3,8",België,Meer dan 30 dagen geleden,
599,Commercial Controller,Michael Page BE,"3,5",West-Vlaanderen,Meer dan 30 dagen geleden,€56.000 per jaar
600,Advanced Analytics Business Translator,UCB S.A.,"3,8",Anderlecht,Meer dan 30 dagen geleden,
601,IT Solution Analyst,Proximus Group,"3,9",Brussel,Meer dan 30 dagen geleden,
602,BUSINESS PROCESS ANALYST - CDI - BRUSSELS,AVANTAGE REPLY,,Brussel,Meer dan 30 dagen geleden,
603,Business Intelligence Analyst,Visser & Van Baars,,Oost-Vlaanderen,Meer dan 30 dagen geleden,
604,Senior Account Executive – Manufacturing,Salesforce,,Zaventem,Meer dan 30 dagen geleden,
605,BI Developer (Business Intelligence),Lawrence Harvey,,Brussel,14 dagen geleden,
606,CYBERSECURITY ANALYST,Cream,,Bruxelles Ixelles,Meer dan 30 dagen geleden,
607,Software Test Specialist (H/F),Dhr. Shenzi Boom,,Strombeek-Bever,Meer dan 30 dagen geleden,
608,Microsoft BI Consultant,Talent International,,Antwerpen (stad),24 dagen geleden,
609,"DATA MANAGER | SQL, Tableau",Eyetech Solutions,"4,8",Waregem,Meer dan 30 dagen geleden,€55.000 - €70.000 per jaar
610,Functional Analyst SAP P2P - O2C,Harvey Nash,,Brussel,4 dagen geleden,
611,Senior Account Executive – Healthcare,Salesforce,,Zaventem,Meer dan 30 dagen geleden,
612,Business/Functional Analyst: Energy & Utility,alti.cernum,,Sint-Stevens-Woluwe,Meer dan 30 dagen geleden,
613,International Key Account Manager,D'Ieteren Auto,"4,2",Zaventem,Meer dan 30 dagen geleden,
614,SCALA Developer (m/w) (H/F),THE PROJECT ENGINEERING COMPANY,,Overijse,Meer dan 30 dagen geleden,
615,Financial Analyst,Robert Half Belgium,"3,9",Brussel,Meer dan 30 dagen geleden,
616,Commercial Excellence Systems and Operations Analyst,Alcon,"3,8",Brussel,Meer dan 30 dagen geleden,
617,Analyste Programmeur H/F,Klanik,,Luik (stad),Meer dan 30 dagen geleden,
618,Test Analyst,Harvey Nash,,Brussel-Hoofdstad,Meer dan 30 dagen geleden,
619,Business Analyst,Harvey Nash,,Waver,Meer dan 30 dagen geleden,
620,Business Process Analyst,Itzu Select,,Geel,Meer dan 30 dagen geleden,
621,IT Business Analyst Mobile telecoms,NetLink Group,,Brussel,Meer dan 30 dagen geleden,
622,Data Analyst (SSRS & QlikSense),Visser & Van Baars,,West-Vlaanderen,Meer dan 30 dagen geleden,
623,Treasury Officer,Colruyt Group,"3,9",Halle,17 dagen geleden,
632,Business Controller (H/F),Malou Englebert,,Groot-Bijgaarden,Meer dan 30 dagen geleden,
633,Salesforce Consultant (H/F),Dhr. Kevin Box,,Hasselt België,Meer dan 30 dagen geleden,
634,Business/Functional Analyst: Energy Trading,alti.cernum,,Sint-Stevens-Woluwe,Meer dan 30 dagen geleden,
635,(senior) BI Analyst,Xplore Group,,Kontich,Meer dan 30 dagen geleden,
636,IT Business Analyst,IT Services Co.,,Brussel,12 dagen geleden,
637,financial analyst,Select,"4,5",Gent,Meer dan 30 dagen geleden,
638,APPLICATION ANALYST,HAYS,"3,6",Brussel,Meer dan 30 dagen geleden,
639,Oracle Developer (H/F),Laura Colson,,Ieper,Meer dan 30 dagen geleden,
640,Analyst-Informatica -Long term ( Freelance or Employee )-Bru...,Sparagus,,Brussel,Meer dan 30 dagen geleden,
641,Functional Analyst with a security background,Sogeti,"3,4",Diegem,Meer dan 30 dagen geleden,
642,Junior Functional Analyst,Smals,"3,6",Brussel,Meer dan 30 dagen geleden,
644,Support Analyst,Compusearch,,Brussel,Meer dan 30 dagen geleden,
645,Digital Product Manager,Pointbreak,,Antwerpen (stad),Meer dan 30 dagen geleden,
646,eBusiness Analyst,NedWorks,,Schaarbeek,Meer dan 30 dagen geleden,
647,SAS Analyst,Smals,"3,6",Brussel,Meer dan 30 dagen geleden,
648,Business Process Manager,Verizon,"3,9",Machelen Diegem,Meer dan 30 dagen geleden,
651,Technical Consultant (H/F),Ellen Segers,,Gent,Meer dan 30 dagen geleden,
652,Security & Privacy Consultant,Infosentry,,Niel,24 dagen geleden,
653,Junior Business Analyst,Visser & Van Baars,,Brussel,Meer dan 30 dagen geleden,
654,Data analyst,Noël Franklin,,Brugge,Meer dan 30 dagen geleden,
655,Business Analyst - Pharmaceutical Company,Michael Page BE,"3,5",Eigenbrakel,Meer dan 30 dagen geleden,
656,Process Analyst,Sparagus,,Brussel,Meer dan 30 dagen geleden,
657,Business Consultant LOP.ai,Bluecrux,,Brussel-Hoofdstad,Meer dan 30 dagen geleden,
658,Projectleider/ Technisch analist,wit-gele kruis,"3,9",Herentals,28 dagen geleden,
659,FINANCIAL ANALYST,James Woodman,"4,8",Beerse,Meer dan 30 dagen geleden,€50.000 - €60.000 per jaar
660,MEDIOR BUSINESS INTELLIGENCE ANALYST - Pharmaceutical/Medica...,Eyetech Solutions,"4,8",Brussel,Meer dan 30 dagen geleden,
661,Revenue Management Consultant,StepUp Consulting,,Leuven,Meer dan 30 dagen geleden,
662,Senior Project Lead LOP.ai,Bluecrux,,Mechelen,Meer dan 30 dagen geleden,
663,Technical Architect,Optis,,Kontich,Meer dan 30 dagen geleden,
664,Financial Analyst Project Team,Robert Walters,"3,6",Brussel,18 dagen geleden,
665,Test Analyst,Datacom Recruitment,,Brussel,Meer dan 30 dagen geleden,
666,JUNIOR/MEDIOR BUSINESS INTELLIGENCE ANALYST - Digital Market...,Eyetech Solutions,"4,8",Luik (stad),Meer dan 30 dagen geleden,
667,Financial Analyst - 10880,"AUSY, a Randstad company",,Waver,4 dagen geleden,
668,Microsoft Infrastructure Analyst – Systems Administrator,Avanade,,Gent,Meer dan 30 dagen geleden,
669,Financial Business Analyst,Robert Walters,"3,6",Brussel,Meer dan 30 dagen geleden,
670,afarax - Project Manager,afarax,,Brussel,10 dagen geleden,
671,Microsoft Dynamics 365 Technical Consultant (H/F),Dhr. Steven Coemans,,Gent,Meer dan 30 dagen geleden,
672,DATA ANALIST - Interne Functie!,Eyetech Solutions,"4,8",Hasselt België,Meer dan 30 dagen geleden,€24.000 - €60.000 per jaar
673,Web Analyst,D-Network,,Brussel-Hoofdstad,Meer dan 30 dagen geleden,
674,Regulatory Affairs Business Analyst/Project Manager,Keyrus Life Science,,Waals-Brabant,6 dagen geleden,
675,Application Analyst - Developer .Net (Microsoft BizTalk),Picanol Group,,Ieper,Meer dan 30 dagen geleden,
676,Front-End Developer,LoQutus,,Gent,Meer dan 30 dagen geleden,
677,.NET developer(s),Luon,,Mechelen,Meer dan 30 dagen geleden,
678,Business Analyst SAP - Materials & Warehouse Management,Joris Ide,,Zwevezele,Meer dan 30 dagen geleden,
679,Business Analyst – Machine Learning,Proactive.IT Appointments,,Brussel,Meer dan 30 dagen geleden,
680,ERP Functional Analist,Sarens,"3,8",Wolvertem,Meer dan 30 dagen geleden,
681,Business Systems Analyst,Wolters Kluwer,"3,6",Gent,Meer dan 30 dagen geleden,
691,Dr. Oetker Business Sales Analyst,WorldBridge Partners Benelux,,Diegem,Meer dan 30 dagen geleden,
692,Software Engineer (H/F),Cooder,,Leuven,Meer dan 30 dagen geleden,
693,New Data Platform Functional Analyst - Designer,Connect People Sprl,,Brussel,Meer dan 30 dagen geleden,
694,Stage - Marketing Digital - Assistant(e) Data Analyst,RTL Belgium SA,,Brussel,Meer dan 30 dagen geleden,
695,Valuation Analyst - Real Estate,D-Network,,Brussel-Hoofdstad,Meer dan 30 dagen geleden,
696,Strategic Account Manager MuleSoft,Salesforce,,Zaventem,Meer dan 30 dagen geleden,
697,Project Manager - financial risk & data compliancy (D&F),TiTANS,,België,Meer dan 30 dagen geleden,
698,Strategic Account Manager Luxembourg (Belgian Contract),Salesforce,,Zaventem,Meer dan 30 dagen geleden,
699,FINANCIAL REPORTING ANALYST | Roeselare,James Woodman,"4,8",Roeselare,Meer dan 30 dagen geleden,€50.000 - €60.000 per jaar
700,Product Catalogue Domain Architect,Proximus Group,"3,9",Brussel,17 dagen geleden,
701,Salesforce Analyst/ Developer,Talent-IT,,Brussel,21 dagen geleden,
702,Cloud Architect,LoQutus,,Gent,Meer dan 30 dagen geleden,
703,Sales Coordinator – NAO/PAO,A Priori,,Diegem,Meer dan 30 dagen geleden,
704,IT BUSINESS ANALYST (M/V),Experza,"5,0",Waregem,Meer dan 30 dagen geleden,
705,SAS Analyst Developer,Talent-IT,,Brussel,21 dagen geleden,
706,Back end Developer (H/F),Dhr. Smet,,Sint-Niklaas,Meer dan 30 dagen geleden,
707,Business analist,Connect-ICT,,Beerse,Meer dan 30 dagen geleden,
708,Technical Expert Digital Analytics,Colruyt Group,"3,9",Halle,Meer dan 30 dagen geleden,
709,Production Analyst,Target Recruitment,"4,8",Brussel-Hoofdstad,Meer dan 30 dagen geleden,
710,Application Analyst,Compusearch,,Brussel,Meer dan 30 dagen geleden,
711,Corporate Finance Analyst,Ergon jobs,,Sint-Lambrechts-Woluwe,Meer dan 30 dagen geleden,
712,Technical-Functional Designer,TiTANS,,Brussel,Meer dan 30 dagen geleden,
713,Actuarieel Analist Senior - Non Life Pricing & Reinsurance,Ethias,"4,4",Luik (stad),Meer dan 30 dagen geleden,
714,"Product Manager, Data Marketplace",Collibra,,Brussel,Meer dan 30 dagen geleden,
715,BI analist,Target Recruitment,"4,8",Brussel-Hoofdstad,Meer dan 30 dagen geleden,
716,Big Data (Cloud) Engineer,Telenet,"3,8",Mechelen,Meer dan 30 dagen geleden,
717,Sales Analyst Eastpak Emea - Temporary Contract 6 Months,Vf International,,Antwerpen (stad),Meer dan 30 dagen geleden,
718,SD Business Analyst and SAP Architect,Perrigo Company,"3,7",Nazareth,Meer dan 30 dagen geleden,
719,Solution Engineer,Skryv,,Brussel,Meer dan 30 dagen geleden,
720,Data Base Administrator/Architect,D-Network,,Brussel-Hoofdstad,Meer dan 30 dagen geleden,
721,FUNCTIONAL ANALIST,NARATO,,Kontich,Meer dan 30 dagen geleden,
722,FUNCTIONAL ANALYST - DYNAMICS 365,iStorm,,Verviers,Meer dan 30 dagen geleden,
723,Senior SAP Business Analyst,Barry Callebaut,"3,5",Lebbeke Wieze,Meer dan 30 dagen geleden,
724,Business Intelligence Analyst,Visser van Baars Belgium,,Oost-Vlaanderen,Meer dan 30 dagen geleden,
725,FREELANCE FUNCTIONAL ANALYST | sql + bi,Eyetech Solutions,"4,8",Brussel,Meer dan 30 dagen geleden,
726,Clinical Quality Risk Management Analyst,"Medpace, Inc.",,Leuven,Meer dan 30 dagen geleden,
727,API Analyst,Connect People Sprl,,Brussel,Meer dan 30 dagen geleden,
728,SAP Supply Chain Planning Consultant,delaware,"3,8",België,Meer dan 30 dagen geleden,
729,Risk Analyst in the energy sector,Randstad,"3,7",Etterbeek,Meer dan 30 dagen geleden,
730,Logistics/Supply Chain Engineer,Colruyt Group,"3,9",Halle,Meer dan 30 dagen geleden,
731,Exploitation Analyst -Long term Brussels,Sparagus,,Brussel,Meer dan 30 dagen geleden,
732,Data Engineer,Visser & Van Baars,,Vlaams-Brabant,Meer dan 30 dagen geleden,
733,IT Analyst AS400 @ Grandeco,Amon Consultants,,West-Vlaanderen,Meer dan 30 dagen geleden,
734,Senior data analyst,Adecco,"3,8",Diegem,Meer dan 30 dagen geleden,
735,Functional analyst,Visser & Van Baars,,Brussel,Meer dan 30 dagen geleden,
736,RWE Lead Scientist UK/Belgium/US/Germany,UCB S.A.,"3,8",Anderlecht,Meer dan 30 dagen geleden,
737,Functional analyst BI H/F,Klanik,,Brussel,Meer dan 30 dagen geleden,
738,Senior Functional Analyst,itjobs4you.be,,Zaventem,Zojuist geplaatst,
739,Business Analyst,Contraste Group,,Brussel,Meer dan 30 dagen geleden,
747,Medical Information Analytics & Digital Lead,UCB S.A.,"3,8",Anderlecht,Meer dan 30 dagen geleden,
748,Junior Analyst,Visser van Baars Belgium,,Antwerpen (stad),Meer dan 30 dagen geleden,
749,Senior Financial Analyst,Robert Half Belgium,"3,9",Vilvoorde,Meer dan 30 dagen geleden,
750,CIRT Expert,Euroclear,"4,0",Brussel,Meer dan 30 dagen geleden,
751,BI business analist,Target Recruitment,"4,8",Brussel-Hoofdstad,18 dagen geleden,
752,Teamlead Planning,Dixon & Company,"5,0",Antwerpen (stad),Meer dan 30 dagen geleden,
753,Software Engineer M/W/X (H/F/X) NIVELLES,FEATURES ANALYTICS,,Nijvel,Meer dan 30 dagen geleden,
754,Solution Designer,Argenta,"3,5",Antwerpen (stad),Meer dan 30 dagen geleden,
755,aankoop en planning analyst,Forum Jobs,"4,0",Desselgem,Meer dan 30 dagen geleden,
756,Technical Product Owner,TTNI,,Zaventem,Meer dan 30 dagen geleden,
757,Commercial Business Analyst,Executive Talents,,Vlaams-Brabant,Meer dan 30 dagen geleden,
758,Analyst Programmer Java / Web,CIBG,,Brussel,Meer dan 30 dagen geleden,
759,Business Excellence Manager Belux Oncology,IQVIA,"3,8",Vilvoorde,Meer dan 30 dagen geleden,
760,Technical Leader ABAP,CIBG,,Brussel,Meer dan 30 dagen geleden,
761,Project Medewerker Aankoopprocessen,The House of Procurement BV,,Gent,Meer dan 30 dagen geleden,
762,IT BUSINESS ANALIST,AT Recruitment,,Antwerpen (stad),4 dagen geleden,
763,Business analist (dOMG) via Vlaanderen connect.,Vlaanderen Connect.,,Brussel,Meer dan 30 dagen geleden,
764,Commercial Operations Manager,Pinnacle Recruitment,,Brussel,Meer dan 30 dagen geleden,
765,Salesforce Developer,asUgo,,Brussel,Meer dan 30 dagen geleden,
766,Junior Analyst,Visser & Van Baars,,Antwerpen (stad),Meer dan 30 dagen geleden,
767,Senior Business Analyst,Brainbridge,"5,0",Gent,5 dagen geleden,
768,Scrum Master -12 months -2 days remote working -Brussels,Sparagus,,Brussel,Meer dan 30 dagen geleden,
769,Data specialist/Manager,USG Professionals,"3,6",Brussel,7 dagen geleden,
770,Project Manager/Business Analyst Product Tax Projects,ERGO Insurance,"3,6",Brussel,Meer dan 30 dagen geleden,
771,Data Analist Digital Marketing m/v,Daoust,"3,5",Erpe-Mere,3 dagen geleden,
772,Functional Analyst,Sparagus,,Leuven,Meer dan 30 dagen geleden,
773,Business Analist @ Vlaanderen Connect (Departement Omgeving),Amon Consultants,,Vlaams-Brabant,Meer dan 30 dagen geleden,
774,Reporting officer,Select,"4,5",Charleroi,20 dagen geleden,
775,Medewerker marktanalyse,Start People,"3,5",Opglabbeek,25 dagen geleden,
776,Business Analyst Connectivity/IoT,Progress HR,,Antwerpen (stad),Meer dan 30 dagen geleden,
777,Marketing Data Analist,Target Recruitment,"4,8",Oost-Vlaanderen,Meer dan 30 dagen geleden,
778,Job | Analist Cost of Claims | Brussel,Belfius,"3,6",Brussel,Meer dan 30 dagen geleden,
779,Corporate Performance Management Consultant,Deloitte,"4,0",Zaventem,17 dagen geleden,
780,Stage : étudiant·e en ingénieur·e de gestion ou sciences éco...,Oxfam-Magasins du monde,"4,3",Waver,Meer dan 30 dagen geleden,
781,BI Business Analyst,Target Recruitment,"4,8",Antwerpen (stad),Meer dan 30 dagen geleden,
782,Développeur et Coordinateur de projets,Actito,,Louvain-la-Neuve,Meer dan 30 dagen geleden,
783,FREELANCE DATA ARCHITECT / Ms Azure,Eyetech Solutions,"4,8",Gent,Meer dan 30 dagen geleden,€550 - €650 per week
784,ICT BUSINESS ANALYST,Argon Selectie,,Roeselare,Meer dan 30 dagen geleden,
785,Technisch architect (DWSE) via Vlaanderen connect.,Vlaanderen Connect.,,Brussel,Meer dan 30 dagen geleden,
786,Experienced SAP Developer (H/F),Dhr. Tomas Castro,,Gent,Meer dan 30 dagen geleden,
787,Data Engineer,Target Recruitment,"4,8",Oost-Vlaanderen,Meer dan 30 dagen geleden,
788,SUPPLY CHAIN BUSINESS ANALIST,Fuse Engineering,"4,5",Gent,Meer dan 30 dagen geleden,€600 per week
789,Business / Functional Analyst,Sparagus,,Brussel,Meer dan 30 dagen geleden,
790,Business Intelligence Analyst,Connect People Sprl,,Baudour,Meer dan 30 dagen geleden,
791,Senior Functional Analyst,Brainbridge,"5,0",Brussel,6 dagen geleden,
792,Project Manager Transport Operations Dienst Projects & Proce...,NMBS,"3,6",Brussel,Meer dan 30 dagen geleden,
793,Beheerder voorraadfinanciering /Gestionnaire financement sto...,Opel Vauxhall Finance,,Kontich,Meer dan 30 dagen geleden,
794,BI Consultant Cognos,D-Network,,Brussel-Hoofdstad,Meer dan 30 dagen geleden,
795,BI Consultant,Applisquare,,Antwerpen (stad),Meer dan 30 dagen geleden,
801,Docent Data-Analist,Syntra West,,Brugge,Meer dan 30 dagen geleden,
802,Clinical Quality Risk Management Analyst (H/F),Mevr. Magdalena Leemans,,Leuven,Meer dan 30 dagen geleden,
803,Technical Analyst Informatica Powercenter,Connect People Sprl,,Brussel,Meer dan 30 dagen geleden,
804,Software Engineer Standard Solutions (H/F),Laurence Brems,,Wommelgem,Meer dan 30 dagen geleden,
805,Functional Analyst - Metering&Billing,Sparagus,,Brussel,Meer dan 30 dagen geleden,
806,MEDIOR BUSINESS INTELLIGENCE ANALYST - Secteur Pharma,Eyetech Solutions,"4,8",Brussel,Meer dan 30 dagen geleden,
807,Infrastructure designer,Harvey Nash,,Brussel-Hoofdstad,Meer dan 30 dagen geleden,
808,Business analyst - Antwerpen - vaste job,Randstad,"3,7",Antwerpen (stad),Meer dan 30 dagen geleden,
809,Customer Database Analyst NL-FR,D-Network,,Brussel-Hoofdstad,Meer dan 30 dagen geleden,
810,Data Analist,AFFIN-IT,"5,0",Brussel,Meer dan 30 dagen geleden,
811,Category Insights Analyst M/V,Adecco,"3,8",Erpe-Mere,Meer dan 30 dagen geleden,
812,BI Functional Analyst - 1 year contract - Brussels,Visser van Baars Belgium,,Brussel,Meer dan 30 dagen geleden,
813,iOS developer,TiTANS,,Brussel,Meer dan 30 dagen geleden,
814,Senior Reporting Analyst,Wolters Kluwer,"3,6",Mechelen,Meer dan 30 dagen geleden,
815,Credit Analist (m/v) te Kortrijk,Van Marcke,"3,8",Kortrijk,Meer dan 30 dagen geleden,
816,BUSINESS INTELLIGENCE CONSULTANT - Intensive Trainings,Eyetech Solutions,"4,8",Brussel,Meer dan 30 dagen geleden,
817,Functional Analyst,Visser van Baars Belgium,,Antwerpen (stad),Meer dan 30 dagen geleden,
818,FREELANCE DATA ARCHITECT | data management + big data,Eyetech Solutions,"4,8",Brussel,24 dagen geleden,
819,Senior Performance Marketeer,Tadaaz,,Brugge,27 dagen geleden,
820,BI analyst-developer voor vooruitstrevend bedrijf,vind!,,Oostkamp,Meer dan 30 dagen geleden,
821,Strategic Account Manager - Construction & Engineering,Salesforce,,Zaventem,28 dagen geleden,
822,FUNCTIONAL ANALYST,Cream,,Bruxelles Ixelles,Meer dan 30 dagen geleden,
823,Software Developer Analyst,EGOV Select,,Evere,Meer dan 30 dagen geleden,
824,Project manager / Team lead OTC,Barry Callebaut,"3,5",Lebbeke,Meer dan 30 dagen geleden,
825,Solution Architect: One of our most strategic hires of 2019...,careers@skedify.co,,Gent,Meer dan 30 dagen geleden,
826,FUNCTIONEEL ANALIST,AT Recruitment,,Antwerpen (stad),4 dagen geleden,
827,Business Performance Analyst/Manager !,D-Network,,Brussel-Hoofdstad,Meer dan 30 dagen geleden,
828,Business Analyst-E- commerce and digital,Sparagus,,Brussel,Meer dan 30 dagen geleden,
829,Medior/Senior Functioneel Consultant – D365 (Kontich of Gent...,Infront,,Kontich,Meer dan 30 dagen geleden,
830,.NET-developer,Intracto,,Mechelen,Meer dan 30 dagen geleden,
831,Senior BI Analyst in region North Antwerp,Robert Half Belgium,"3,9",Antwerpen (stad),Meer dan 30 dagen geleden,
832,Microsoft BI Analyst,Visser van Baars Belgium,,Oost-Vlaanderen,Meer dan 30 dagen geleden,
833,Financial Risk Analyst (m/v),Actief Interim,"3,8",Etterbeek,27 dagen geleden,
834,Digital Strategist,D-Network,,Brussel-Hoofdstad,Meer dan 30 dagen geleden,
835,Security Operations Center (SOC) Senior Incident Response An...,MasterCard,"4,1",Waterloo,Meer dan 30 dagen geleden,
836,Finance Analyst,Job Facto,,West-Vlaanderen,Meer dan 30 dagen geleden,
837,Advisor Functional Analyst,Smals,"3,6",Brussel,Meer dan 30 dagen geleden,
838,BI Analyst,Visser van Baars Belgium,,West-Vlaanderen,Meer dan 30 dagen geleden,
839,Digital Health Fullstack Web Developer (m/w) M/W/X (H/F),MOVEUP CVBA,,Brussel,Meer dan 30 dagen geleden,
840,Application Architect Designer,Unisys,"3,7",Brussel,Meer dan 30 dagen geleden,
841,Freelance Business Analyst SAP MII,Humanistix,,Aalst,Meer dan 30 dagen geleden,
842,Finance Compliance Partner,BD,"3,8",Erembodegem,Meer dan 30 dagen geleden,
843,Business Analyst Connectivity,Progress HR,,Antwerpen (stad),Meer dan 30 dagen geleden,
844,BI Consultant Informatica,D-Network,,Brussel-Hoofdstad,Meer dan 30 dagen geleden,
845,BI Analyst,Visser & Van Baars,,West-Vlaanderen,Meer dan 30 dagen geleden,
846,Functional Analyst,EGOV Select,,Brussel,Meer dan 30 dagen geleden,
847,Directeur informatique (m/f),Tempo-Team,"3,7",Wielsbeke,Meer dan 30 dagen geleden,
848,TECHNOLOGY CONSULTANT - Qlik Technology,Eyetech Solutions,"4,8",Brussel,Meer dan 30 dagen geleden,
849,it business analyst,Forum Jobs,"4,0",Oostrozebeke,Meer dan 30 dagen geleden,
850,Planisware Analyst & Developer,Modis,"3,6",Waver,Meer dan 30 dagen geleden,
